name,loan_product,environmentalImpact,loan_amount,personality,capital,income,monthlyExpenses,numberOfKids,homeMortgage,hasStudentLoan
Delia Lockman,IKEA Furniture,44700,134000,Conservative,4761900,94600,14900,0,0,False
Allan Jacobson,Electric car,86400,1096400,Conservative,3053800,74700,9900,4,0,False
Shane Turner,Tractor,90100,250900,RiskTaker,43000,3900,61100,4,4950400,True
Debbie Schaden,E-bike,89400,36800,Innovative,132400,87000,16400,1,0,True
Paulette Connelly,Electric car,89300,1252500,Practical,1915900,61900,8100,4,4865200,False
Travis Kub,Tractor,4400,177000,Practical,254000,32200,6900,1,2818300,True
Courtney Harvey,Tractor,56400,376600,Practical,565500,22600,9900,0,4579500,False
Ramon Von,Motorboat,1200,3681200,RiskTaker,58900,11600,154500,0,8905900,True
Erma Daniel,Diesel car,13300,97000,Conservative,8782100,74200,7600,0,0,False
Hugo Runolfsdottir,Motorboat,7500,1522700,Conservative,3401900,31800,12300,1,5139500,True
Luis Quigley,IKEA Furniture,47200,69800,Spontaneous,65300,4400,32100,3,9469600,True
Antoinette Robel,Vacation,14000,195600,Spontaneous,313700,3400,83400,1,9882200,True
Naomi O'Keefe,Car charger,98300,28100,Conservative,7945400,35500,21000,5,8544600,False
Gary Kreiger,Tractor,14600,39000,Spontaneous,17000,4900,101200,0,341400,False
Peggy Fahey,Motorboat,4600,1663300,Practical,1992000,31300,7200,2,5917600,False
Lynne Price,Motorboat,9500,976900,Conservative,5017400,71200,18400,0,0,True
Julian Corkery,Tractor,62600,333700,Practical,1172200,19000,8900,0,5786800,False
Norman Muller,IKEA Furniture,58700,32900,Conservative,3846800,20600,17500,4,4243200,True
Lori Mosciski,Sailboat,41000,5169100,Conservative,4612000,82000,5800,2,0,True
Sherri Kertzmann,Sailboat,56600,9938700,Innovative,606600,18800,12600,4,2909300,False
Wilma Doyle,IKEA Furniture,46100,86000,Innovative,951200,77500,14400,3,0,True
Wanda McLaughlin,Motorboat,400,273600,Spontaneous,240800,3400,33100,1,9205700,True
Eugene Larkin,Vacation,11400,207700,Conservative,8490500,33900,11800,0,2119400,True
Connie Leannon,Diesel car,400,610500,Innovative,762800,42000,28300,5,6007100,True
Jody Lehner,Tractor,62600,72900,Conservative,9613400,16500,7700,0,944700,True
Patrick Hickle,Sailboat,46400,8956700,Spontaneous,388500,4100,62200,0,7913600,True
Sheldon Wilderman,Tractor,71400,22900,Practical,1166300,22600,2600,2,8328600,False
Christian Rau,IKEA Furniture,57200,7400,Spontaneous,311500,4400,45700,1,2703100,True
Stewart Roob,Sailboat,53000,6220500,RiskTaker,47100,41100,59800,4,2682200,True
Angel Howe,Tractor,45500,67000,Practical,712900,17200,6800,4,9369600,True
Spencer Herzog,Car charger,98000,39100,Practical,718900,47100,9000,0,3072100,False
Ernesto Bradtke,Motorboat,6400,1920900,Conservative,9488900,30800,12400,2,732600,True
Glenn Predovic,Tractor,80100,250500,Practical,800100,59200,6500,3,5980500,True
Belinda Weimann,Vacation,22300,171300,Conservative,3602600,75300,10700,1,0,False
Peter Hoeger,Tractor,79300,313300,Spontaneous,142700,1300,106400,0,3997700,True
Kim Wyman,Car charger,90100,68200,Innovative,675800,33400,10800,3,1284300,False
Sue Gibson,Motorboat,8500,491100,Innovative,59300,80600,18200,0,0,False
Johnny Hilpert,Motorboat,800,45000,RiskTaker,50800,16500,61700,0,3885600,True
Daniel O'Reilly,E-bike,99100,48400,Spontaneous,42100,5000,98600,1,6779800,True
Levi Lehner,Tractor,4100,308700,Conservative,2185200,86000,12200,5,0,False
Sally Stark,Electric car,87100,1339000,RiskTaker,92900,23300,108900,0,92900,False
Melanie Padberg,Vacation,10500,36200,Practical,1925400,54600,8400,5,3028800,True
Leah Cartwright,Solar panels,96800,6538000,Spontaneous,258400,1400,30600,1,9900700,False
Lana Grant,Electric car,98300,1404900,Practical,1375200,61300,5200,0,6175400,True
Debbie Runolfsson,Motorboat,9600,2819400,Innovative,19100,12400,26700,0,7208500,True
Bradley Farrell,Diesel car,6200,789800,Spontaneous,244000,1600,111100,5,1279200,False
Vanessa Mertz,Vacation,23800,50900,RiskTaker,34900,42000,58200,0,6722600,True
Marco Dickens,Tractor,65900,90800,Innovative,367100,65000,27900,1,4165000,False
Terence Streich,Tractor,15000,152300,RiskTaker,18600,34500,20200,0,4947600,False
Christy Schmeler,IKEA Furniture,57400,53200,Innovative,919200,26500,25200,0,8665800,True
Bradley Sauer,Diesel car,5900,773400,Innovative,563200,48600,25100,0,3052700,False
Lee Heaney,Tractor,38200,353600,Spontaneous,151600,1900,30600,1,8765300,False
Cathy Ziemann,Car charger,97200,35900,Innovative,488100,87900,13100,1,0,False
Alison Rice,Sailboat,41800,7655200,RiskTaker,91600,15100,140300,1,8059400,False
Lisa Braun,Motorboat,3400,2144700,Innovative,674900,43600,29400,2,9973200,False
Wayne Carter,E-bike,95200,13000,Practical,358200,41200,1500,1,9453900,False
Ivan Littel,Electric car,81000,1549900,Conservative,8250900,66200,19900,1,3510200,True
Chelsea Romaguera,Car charger,92400,61200,Conservative,7511600,90300,17500,3,0,False
Noel Wolff,Electric car,99500,866200,Conservative,7442700,94900,9500,0,0,False
Tony Hintz,Car charger,99100,32200,Spontaneous,142400,1200,16200,5,5628900,False
Miriam Kessler,IKEA Furniture,33500,101000,Innovative,453200,63700,23400,0,6777300,False
Shari Cummerata,Electric car,86200,796800,Spontaneous,471500,1100,76900,5,9586100,False
Helen Klein,Tractor,54900,143100,Innovative,454100,14100,16100,3,6112400,True
Doyle Hilpert,Car charger,99500,43900,RiskTaker,52400,34100,81600,0,6816300,True
Stephen Oberbrunner,Tractor,62700,44800,RiskTaker,38700,24500,72100,5,6033400,False
Gail Yundt,Tractor,98500,195100,RiskTaker,62900,38200,96100,2,9147200,True
Ross Mitchell,Tractor,26500,380200,Practical,769200,53900,4600,1,9441200,True
Marlene Stiedemann,Solar panels,91000,3666800,Conservative,8282100,91000,7900,0,0,True
Nadine Schoen,Vacation,17900,238900,Conservative,7159700,83500,5100,0,0,False
Francis Shields,Solar panels,99600,5506000,Innovative,804100,96200,29600,0,0,True
Earnest Bechtelar,Sailboat,58100,4576600,RiskTaker,96300,25000,75100,1,7220700,True
Cathy Jones,Tractor,22100,41600,Practical,209700,43400,5600,4,7671400,True
Jeannette Carter,E-bike,83700,43800,Conservative,311300,23900,19500,0,802300,False
Irvin Wilderman,Diesel car,14100,916600,Conservative,2256200,90600,17200,5,0,False
Amelia Gleason,IKEA Furniture,31100,54600,Practical,214300,15200,9500,4,1818300,True
Patty Pollich,IKEA Furniture,24800,92100,Spontaneous,277300,4800,19200,0,7814200,False
Sheldon Rohan,IKEA Furniture,42500,16700,Spontaneous,118600,3900,17500,4,6630100,False
Rebecca Buckridge,Motorboat,3200,2153600,Innovative,931800,15000,17000,0,404600,False
Geraldine Bauch,Diesel car,17200,304300,Spontaneous,87000,2700,24100,1,2810600,False
Marcus Rolfson,Tractor,10400,98100,Spontaneous,65100,1900,93700,3,4011800,False
Wilma Conroy,Solar panels,94300,812300,RiskTaker,53700,39600,199300,0,900600,False
Rebecca Marquardt,Tractor,6300,192000,Spontaneous,484100,3000,29800,4,2530500,False
Roberto Ondricka,IKEA Furniture,43700,32100,Conservative,4199800,66600,14000,4,6118400,False
Charlotte Okuneva,Tractor,58500,270200,Conservative,6126900,71400,7900,2,0,True
Cedric Reilly,IKEA Furniture,50800,33300,Innovative,59500,21100,23500,2,1729600,True
Earl Heller,IKEA Furniture,24300,5900,RiskTaker,35700,14000,31300,3,104200,True
Victor Anderson,Sailboat,49900,6568200,Spontaneous,144900,2300,43400,2,7832500,False
Vicki Pfannerstill,Car charger,93200,51800,Innovative,331300,66400,25000,1,5516300,False
Suzanne Mraz,Diesel car,6200,480100,Spontaneous,240300,2900,41000,0,6006600,False
Wilson Konopelski,Electric car,99100,970900,Conservative,1806600,20300,12500,0,6381000,False
Oscar Cartwright,Tractor,46200,239800,Spontaneous,371500,1800,72700,1,6577600,False
Ismael Conn,Tractor,79800,275600,RiskTaker,95900,40700,111200,1,2731100,True
Leigh O'Hara,Car charger,93700,41000,RiskTaker,84500,21700,16200,0,145400,False
Ernest Hodkiewicz,Motorboat,6100,2830400,RiskTaker,24500,12800,174500,2,4461600,False
Don Bode,IKEA Furniture,56200,113800,RiskTaker,30700,31200,150100,4,5227500,False
Boyd Cummings,Vacation,22000,82200,Spontaneous,401000,4600,83500,4,8739500,False
Jonathan Wisoky,IKEA Furniture,26200,103800,Spontaneous,490300,4700,60800,2,4724600,False
Zachary Durgan,Car charger,96000,36300,RiskTaker,94300,9400,74600,0,9837200,True
Boyd Kautzer,Tractor,46400,329100,Practical,1025700,35900,3100,1,5484000,True
Hilda Okuneva,IKEA Furniture,59200,91300,Innovative,151300,96100,24200,0,0,True
Ryan Jacobson,E-bike,85700,19800,RiskTaker,72000,45400,92500,1,4358500,False
Shelley Kris,Diesel car,3200,290800,Spontaneous,277300,3400,106400,1,6198600,False
Clyde Sawayn,Motorboat,1200,249900,RiskTaker,2400,23300,111300,2,4775700,True
Scott Bauch,Electric car,83900,1638000,Practical,274400,45000,4300,0,1815900,True
Ethel Kutch,Sailboat,40300,2621300,Innovative,226400,32000,26800,0,4022700,True
Joseph Ledner,Tractor,96300,89500,Practical,510800,35200,8000,2,4656000,False
Vivian Kulas,Diesel car,10300,862200,Spontaneous,448900,3600,91500,4,8352300,True
Kelley Rippin,Tractor,55600,96100,Practical,676000,58100,6600,3,6267100,False
William Stehr,E-bike,83100,13600,RiskTaker,80300,17200,138500,3,7699500,True
Celia Brown,Sailboat,54000,1694600,RiskTaker,82800,27300,89000,3,2664600,False
Elvira Hermann,IKEA Furniture,26600,102300,Practical,104500,61300,5000,0,2353600,False
Irvin Schneider,Vacation,16600,195900,Practical,382100,44200,7500,2,7010500,True
Roberta Mayert,Diesel car,4000,144400,Innovative,620900,95700,25100,4,0,True
Robert Ryan,Electric car,82500,952300,Conservative,1503000,93700,12300,0,0,False
Kerry Lynch,Solar panels,94000,2208500,Practical,1334100,50000,4000,2,5160400,True
Neil Dach,IKEA Furniture,28100,140700,Innovative,202100,30700,16500,0,1020200,True
Heather Schmitt,Tractor,83600,352300,Spontaneous,64900,2400,75300,5,7082300,False
Willie Ernser,Motorboat,9500,2406200,Conservative,1013600,81700,14500,1,0,True
Dominick Green,Motorboat,6100,749600,Conservative,2087700,35100,21000,2,3269000,False
Bryant Jerde,IKEA Furniture,27300,27000,Practical,240500,63700,4600,0,2970500,False
Elvira Kemmer,Diesel car,15900,631200,Spontaneous,113600,3600,38400,0,4732000,True
Bridget Lang,Electric car,93300,736000,Conservative,9242700,37400,21300,4,3046500,False
Fredrick Keebler,Motorboat,8500,1614200,RiskTaker,10500,7400,34000,5,5016200,False
Aubrey Will,E-bike,87900,49700,Innovative,841700,14300,27200,3,6753000,False
Charlie Metz,IKEA Furniture,21700,33900,Practical,539900,53000,6600,5,8134300,True
Bill Koepp,Vacation,11500,135200,Spontaneous,27100,4700,89400,0,577700,True
Martin Shanahan,Car charger,95100,45000,Conservative,488300,79100,16800,1,0,False
Debbie Mills,Car charger,95000,42900,Practical,619800,49800,8800,0,1671600,True
Evelyn Bernier,IKEA Furniture,57000,29600,Practical,496900,32600,8300,2,3822500,False
Virginia Kertzmann,Motorboat,400,1069700,Innovative,386900,56500,19900,0,9856600,True
Lisa Shanahan,Tractor,87100,100000,Innovative,44400,7400,12600,0,8359600,False
Thelma Olson,E-bike,87100,15500,Spontaneous,426200,2900,119200,3,8815000,True
Jan Jast,Tractor,95400,272500,Conservative,7283000,78700,20400,5,0,False
Lester Hansen,Car charger,93300,35300,Innovative,96200,39700,13900,0,109300,True
Juan Runte,IKEA Furniture,27200,70900,Spontaneous,370900,1700,80100,2,5191100,False
Floyd Huel,Diesel car,13000,564600,Spontaneous,391300,3700,90600,0,7485100,False
Betsy Johns,Sailboat,47800,6978300,Conservative,6381900,90300,15300,1,0,True
Martin Langosh,IKEA Furniture,26700,82700,Practical,573700,40400,9200,0,7655900,True
Ruben Langworth,Sailboat,54200,4594900,Innovative,332800,57400,11800,2,6335400,False
Ernest Tillman,Diesel car,6300,362500,Practical,27700,51700,2500,0,9133100,True
Anita Ruecker,IKEA Furniture,23500,62800,Practical,58400,51200,3400,0,9982000,False
Lamar Green,Motorboat,4800,530900,Spontaneous,24400,3200,107200,0,9434900,False
Margaret Jast,Vacation,17600,51400,Spontaneous,334000,3200,107600,1,7046400,True
Nicolas Kris,IKEA Furniture,47200,61500,Spontaneous,323900,4700,41000,1,3216100,True
Craig Lakin,Sailboat,56500,3932100,Spontaneous,485800,4300,93000,0,6054100,True
Tracy Schowalter,Tractor,95400,116000,Spontaneous,132700,1900,61600,3,7069300,True
Dominick Brakus,Car charger,91300,29500,Practical,1850300,49300,7800,2,3721700,False
Sarah Turcotte,Vacation,13900,263900,Spontaneous,137100,2900,99400,3,2891300,False
Brooke Botsford,Diesel car,19600,811300,Conservative,2393800,17800,7300,3,969100,False
Sergio Fahey,E-bike,92600,17800,RiskTaker,72400,4900,54300,0,2850800,False
Ellis Schaden,Diesel car,18000,410800,RiskTaker,43900,22100,166800,3,7900500,True
Shane Wehner,Sailboat,44500,988100,Innovative,199900,7000,22000,0,4181400,True
Camille Farrell,Motorboat,100,2372000,Practical,1991600,17600,2000,0,2281200,True
Gustavo Luettgen,Diesel car,9000,911800,Conservative,2221600,62000,23000,4,5731100,True
Jonathan Sanford,Vacation,13500,129000,RiskTaker,61700,39400,127800,1,2715000,True
Carroll Gulgowski,Tractor,61700,316300,RiskTaker,20400,8000,183800,2,6834200,True
Rufus Williamson,Tractor,40900,253900,Conservative,1870800,37700,22100,0,4971300,False
Rogelio Zulauf,Tractor,3400,305300,Spontaneous,162400,1900,118300,2,6147300,True
Jerald Powlowski,Tractor,36400,208300,Spontaneous,492800,1400,87300,0,7203000,True
Craig Ankunding,Tractor,45300,249900,Spontaneous,434000,1700,116600,4,4673700,False
Leroy Hilll,Solar panels,88900,523900,Spontaneous,477100,5000,52000,0,4974600,False
Lela Steuber,Tractor,47200,334700,RiskTaker,78200,32400,59000,3,5397000,True
Irving Rogahn,E-bike,95000,41300,Practical,1115500,30800,7100,1,389200,True
Rex Dooley,Car charger,97000,58800,Conservative,4167000,33800,16600,0,6518300,False
Alvin Windler,Solar panels,91500,9114600,Conservative,4990600,19800,10200,0,9083400,True
Phil Kunze,Car charger,95900,20800,Conservative,8753900,77200,23700,5,0,True
Ron Muller,E-bike,92000,42200,Practical,1657800,57600,4400,1,5815000,True
Brendan Stark,Tractor,23100,161500,Conservative,7279700,31700,24300,1,1962900,True
Irene Langworth,IKEA Furniture,48800,104900,Spontaneous,22700,2200,59100,0,4478700,False
Ervin Bergstrom,IKEA Furniture,59100,13000,Innovative,317200,15300,24700,2,7604300,True
Clinton Fahey,Sailboat,54000,4007100,Practical,439500,59700,8200,0,5601200,True
Darlene Hickle,Tractor,95300,353600,Conservative,8975900,35600,5500,3,6020700,False
Ed Marquardt,Solar panels,86000,7223000,Practical,397500,48000,3200,1,3093400,False
Derek Kertzmann,Tractor,99300,294700,Innovative,888200,16000,25800,0,6062100,False
Marco Ebert,Diesel car,14600,293800,Practical,1483400,45000,3900,4,392500,False
Orlando Schamberger,IKEA Furniture,52600,3600,Innovative,72400,12600,22700,1,6565600,True
Gwendolyn O'Conner,IKEA Furniture,42200,60500,Innovative,381900,56900,26400,0,3338600,False
Lindsey Bogisich,Car charger,95700,64400,Conservative,7830300,75500,14200,2,0,True
Thomas Walker,Vacation,11700,258300,Innovative,426000,18500,19000,0,2302900,True
Adam Steuber,Motorboat,5900,1924800,Conservative,9648400,44300,24000,1,7896300,False
Robyn Mills,Tractor,94800,138800,Spontaneous,42600,2100,36900,5,2306800,True
Maxine Cremin,Motorboat,5600,3891100,Spontaneous,445200,3100,44500,0,7272400,False
Eileen McClure,IKEA Furniture,46600,8100,RiskTaker,21600,47700,136200,3,4834000,True
Margaret Lowe,Tractor,14200,209500,Conservative,1789700,33700,20700,0,9177800,False
Jill Weber,Tractor,82400,38700,Conservative,3376000,94900,13000,2,0,False
Horace Rohan,Sailboat,59000,6342300,Innovative,441300,37600,11600,0,253700,True
Ashley Runolfsdottir,Tractor,7400,96400,Conservative,1648200,65100,8500,2,6800800,False
Emma Stehr,Sailboat,50000,3892800,RiskTaker,96300,13200,91500,4,917500,False
Ruth DuBuque,Tractor,1900,191600,Spontaneous,296400,2000,35600,1,4015900,True
Rita Tillman,IKEA Furniture,37800,1500,Conservative,3799500,27000,16800,5,4125400,True
Rose Romaguera,Tractor,17000,277400,RiskTaker,50300,32900,34400,0,7049000,True
Lyle Pollich,IKEA Furniture,31300,116300,RiskTaker,21900,22300,182500,4,6637300,False
Angelica Marquardt,Tractor,35700,215700,RiskTaker,20900,26900,66800,0,1733800,False
Austin Hammes,Vacation,18000,298800,RiskTaker,5400,38800,80000,4,5899000,False
Molly Marquardt,Tractor,99500,289300,Innovative,372000,37800,14100,4,3965400,True
Yolanda Emard,Vacation,11300,155000,Practical,1150500,55500,4800,5,7237200,True
Violet Hahn,IKEA Furniture,57800,133500,Innovative,798300,8200,20700,0,7373800,True
Wesley Aufderhar,Car charger,96200,24900,Spontaneous,211600,2900,52100,0,5767800,False
Luis Stamm,Electric car,87800,1483100,Conservative,611000,21500,12600,0,593000,False
Natasha Sauer,Tractor,79100,273500,Conservative,1088000,36500,23300,2,3932200,True
Alberto Wiegand,Motorboat,4700,568200,Conservative,7020100,27100,11400,2,4684900,True
Hazel Schultz,Solar panels,85800,8770900,Spontaneous,119200,4400,71700,5,4260400,True
Drew Block,Tractor,20700,320900,Spontaneous,462900,4300,79400,1,4351000,True
Karen Harber,Car charger,95300,39700,RiskTaker,70900,8000,99400,5,2144000,False
Kristine Luettgen,Solar panels,92000,5450000,Innovative,590300,20300,16600,1,8491500,True
Santiago Wyman,Motorboat,600,1089000,Innovative,465800,81600,22400,0,0,False
Jenny Sauer,Motorboat,9300,2547700,RiskTaker,72600,27000,11700,0,1130100,True
Melvin Hammes,Electric car,85400,1733500,Practical,51700,45200,8200,0,5516000,True
Willard Emmerich,E-bike,96300,21200,Innovative,863000,51300,11500,2,9073900,True
Nadine Marquardt,Diesel car,7600,248400,Conservative,471700,33400,23500,3,7293600,True
Mercedes Toy,Sailboat,46400,6432000,Innovative,555700,36400,13000,2,1982600,True
Sam Mitchell,E-bike,96400,34700,Spontaneous,244600,3100,19300,4,8395300,False
Ora Nader,Vacation,22600,177400,Innovative,816500,60700,19900,1,2238200,True
Cecil Koch,Electric car,81700,1016900,Innovative,410200,51300,29500,3,9150700,True
Dale Quitzon,Solar panels,91800,2199500,Conservative,729000,22100,9100,1,2539200,True
Veronica Waters,Vacation,14300,181100,Conservative,4357600,53300,15100,3,2740700,True
Abel Wintheiser,Car charger,96500,51300,Conservative,6358900,30900,5500,3,9149000,True
Reginald Nienow,Electric car,84000,481400,Conservative,1044500,61500,14900,0,5337600,True
Kerry Gislason,Sailboat,53300,639200,Spontaneous,291000,1900,91400,1,106800,False
Angelina Nitzsche,Tractor,92000,89200,Practical,170500,52800,2300,2,2233900,False
Ricky Daugherty,Car charger,99200,30000,Practical,1094000,42700,2100,2,5757700,True
Elmer Erdman,IKEA Furniture,53100,104800,Conservative,7010900,77500,12200,3,0,True
Emma Lueilwitz,Diesel car,7200,729300,RiskTaker,22600,25200,39500,2,8934500,True
Luther Tromp,IKEA Furniture,50600,5600,Innovative,754200,44500,12800,3,4500600,True
Lynne O'Kon,Tractor,70900,313700,Spontaneous,399200,1300,72600,4,961000,False
Toni Conroy,Motorboat,9500,1421000,Innovative,387000,28100,16900,2,416100,True
Connie Larson,Tractor,40800,139800,Innovative,677800,15300,29600,1,3621200,False
Olive Daniel,Sailboat,47700,157000,Innovative,137400,15600,20200,0,7070500,False
Javier Steuber,Motorboat,3300,1304200,Spontaneous,362300,4100,63800,1,3211600,False
Geoffrey Kunde,Diesel car,19100,295300,Conservative,2917500,37400,20200,0,9240800,True
Ruby Frami,Tractor,54800,171200,RiskTaker,28700,39800,47100,1,7248200,True
Marjorie Bruen,Tractor,88700,359700,RiskTaker,97400,34800,29000,5,5370700,True
Thelma Bartoletti,Motorboat,9800,2244000,Spontaneous,403200,3200,30800,5,6688100,True
Jimmy Rempel,Motorboat,9900,25500,RiskTaker,17200,0,49700,4,8889600,True
Bennie Haley,Tractor,69100,78400,Practical,1043500,49900,9600,0,3155600,True
Muriel Blanda,Electric car,86000,281600,RiskTaker,50200,38900,82900,2,9372700,False
Benny O'Reilly,Diesel car,19300,174900,RiskTaker,9100,28000,103100,0,7841800,False
Donald Runte,Tractor,87000,13000,Innovative,737700,25000,25300,2,3367100,False
Guadalupe Reinger,Vacation,15300,48300,RiskTaker,82600,12800,126500,0,1843400,False
Megan Waelchi,Solar panels,89000,5054000,Innovative,590900,5200,21200,0,1951300,True
Kathleen Koelpin,Vacation,10600,133800,Practical,1368100,51500,8600,0,5013600,False
Terry Schowalter,E-bike,89300,45400,Spontaneous,130000,4900,105800,1,7785800,True
Vernon Legros,Vacation,15800,91400,RiskTaker,18600,24400,140000,2,3455600,False
Felipe Greenholt,E-bike,92500,32100,Conservative,6508000,60600,13100,1,6715200,False
Marlon Friesen,Tractor,57100,376900,Conservative,2143500,39900,15600,1,2383400,True
Glenn Bednar,Diesel car,15400,998600,Spontaneous,280100,3200,103400,4,7634400,True
Kristen Schroeder,Electric car,95900,926100,RiskTaker,34200,2400,152700,0,7725500,False
Suzanne Orn,Motorboat,2700,3577100,Practical,1348100,27300,8600,0,3759500,True
Sarah Hackett,Car charger,90300,46600,Practical,278100,20500,2300,2,985500,False
Devin Collins,Tractor,73400,18200,RiskTaker,900,6400,114800,3,9201100,True
Marjorie Price,E-bike,90300,15800,Conservative,5016000,49700,23300,0,1280400,False
Ian Gorczany,Electric car,83700,542000,Spontaneous,118100,3300,74300,0,4274600,False
Herman Collier,Vacation,23700,54900,Spontaneous,270700,1800,37300,1,3901200,True
Mark Predovic,IKEA Furniture,27100,2700,Spontaneous,438700,4100,91900,2,684900,False
Cindy Christiansen,Motorboat,8300,1848100,Conservative,4166100,60500,23600,0,384700,True
Jeannette Mills,Vacation,19200,252900,RiskTaker,7400,5800,169600,3,1398000,False
Marcus Davis,IKEA Furniture,59500,137000,Innovative,999800,58700,25500,0,1026200,True
Charlie Collins,Diesel car,12900,335900,Conservative,6569700,75600,15100,5,0,True
Meredith Dach,Electric car,93200,635900,Conservative,7617500,51600,22500,0,7260600,False
Tasha Rohan,Tractor,23600,48400,Spontaneous,463700,2700,27700,2,5353500,False
Al Doyle,Motorboat,3500,1397500,RiskTaker,78100,9000,186700,0,4358000,True
Carl Hagenes,Diesel car,10700,449300,Innovative,54600,98900,13500,1,0,True
Roman Harvey,Diesel car,13800,866800,RiskTaker,14200,38100,74400,0,8462800,False
Woodrow Hauck,Sailboat,57000,1005100,Conservative,742500,19100,22000,2,1289400,False
Emmett Aufderhar,IKEA Furniture,29700,46800,Practical,1620100,60700,1600,0,9939000,True
Gregory Thiel,Car charger,96800,43600,Practical,68000,36400,9900,0,1738900,True
Ann Price,Diesel car,4300,197400,Practical,1939400,42100,9900,1,7888900,True
Louis Yundt,IKEA Furniture,56600,23200,Spontaneous,365500,4700,27900,0,4298700,False
Casey Buckridge,Motorboat,1000,2539600,RiskTaker,43700,3300,194700,1,2783200,False
Meghan Cronin,Vacation,13900,201700,Conservative,804900,50700,13500,3,3666500,True
Verna Baumbach,IKEA Furniture,23800,5900,Conservative,5506000,19200,7400,0,968600,False
John Zulauf,Solar panels,94100,8417800,Conservative,5704900,31300,18900,2,7110200,False
Victoria Tromp,Tractor,7000,218200,Spontaneous,498600,2400,25200,4,2423000,True
Tommy Lakin,Tractor,18000,17400,RiskTaker,41200,6100,84600,1,6149000,True
Joy Bradtke,Electric car,81600,1936600,Conservative,2248100,73400,9100,0,0,False
Ted McClure,Solar panels,98800,4416200,RiskTaker,90200,7000,14400,5,1691700,False
Phyllis Turner,Sailboat,59800,2201400,Conservative,2321800,17800,22800,3,7399000,False
Rosie MacGyver,Diesel car,13100,960100,Spontaneous,304500,2600,27600,3,4161700,False
Todd Gutmann,Car charger,94800,45800,RiskTaker,40500,2100,100700,4,2218000,False
Tara Windler,Car charger,96000,46500,Conservative,1909600,84100,14500,1,0,True
Brandi West,Motorboat,3800,3494500,Conservative,8410500,96500,18400,0,0,False
Brandon Daniel,Diesel car,7000,123200,Innovative,57600,90700,24400,5,0,False
Regina O'Keefe,Car charger,92000,69800,Spontaneous,238300,1900,18600,2,3477900,True
Melvin Boehm,Diesel car,3200,930400,RiskTaker,88100,14200,83600,1,5314700,False
Angela Hegmann,Sailboat,51300,151900,Conservative,8963600,42400,21100,2,1121500,False
Ruby Crona,Motorboat,100,3889300,Spontaneous,449400,1200,87700,5,160700,False
Dolores Turcotte,Tractor,5200,328600,Innovative,340200,85000,25000,2,0,False
Thomas Rath,Solar panels,86000,5659900,Innovative,399600,56100,29800,5,8214800,False
Blanche D'Amore,Diesel car,19500,89600,RiskTaker,66600,31800,103000,4,8160100,True
Pat Predovic,Diesel car,19200,572100,Spontaneous,479300,1900,91500,1,6732600,False
Audrey Wisoky,Solar panels,88100,8858400,Conservative,7715600,82000,21500,3,0,False
Roberto Dibbert,Tractor,20200,376000,Innovative,968400,10200,26500,1,9309700,False
Alvin Gottlieb,Tractor,87200,381400,Spontaneous,300200,4100,76400,4,3654900,True
Rosemarie Green,IKEA Furniture,30300,42000,Innovative,628400,47700,11500,0,336600,False
Terry Rosenbaum,Tractor,4500,86200,RiskTaker,7200,25100,179600,1,1751500,True
Santiago Towne,IKEA Furniture,54800,69000,Practical,1775200,21100,2400,0,351000,False
Aaron Luettgen,Tractor,27700,169700,Innovative,765900,11300,18400,3,1237300,False
Roberta Feeney,Motorboat,7700,2371400,Practical,505100,61800,6800,3,9354100,False
Edgar Casper,Sailboat,57800,1639100,Practical,1129500,46900,7800,0,7542000,True
Edna Stiedemann,Car charger,97100,57800,Conservative,7415600,52600,17300,3,9247900,False
Owen Brekke,Electric car,83000,659400,RiskTaker,63300,1700,165500,0,4884500,True
Barbara Huel,Sailboat,53900,7386900,Practical,500300,27000,7200,2,7515300,True
Adrian Braun,Sailboat,41600,1465400,Conservative,4600100,57800,12000,2,231000,True
Israel Runte,Motorboat,5800,444500,Spontaneous,389800,3600,43500,2,4271100,True
Roxanne Durgan,E-bike,86700,35800,Spontaneous,259900,3700,17800,4,5166200,False
Lee Kassulke,Tractor,100000,167300,Conservative,6014200,54400,23500,3,589200,False
Colleen Kertzmann,Car charger,99000,55900,RiskTaker,8800,32600,71200,1,7494800,True
Catherine Jast,Electric car,89200,1546400,RiskTaker,33900,12300,198000,1,8333300,False
Ernestine Dickinson,Car charger,90400,24700,Spontaneous,192400,3300,65800,2,4300200,True
Rebecca Walsh,Diesel car,9700,85400,Conservative,7225600,19800,7500,4,6035800,False
Bob DuBuque,IKEA Furniture,54700,67900,Innovative,975200,99000,10900,0,0,True
Ashley Harris,Motorboat,5600,2228200,RiskTaker,36300,38100,144100,0,7068600,True
Regina Hamill,Sailboat,49500,1882500,Conservative,4212800,39100,6500,3,4981200,False
Brandi Keebler,Tractor,61500,378800,Spontaneous,121300,3500,55300,0,5293100,True
Michael Nitzsche,Sailboat,43000,2823600,Innovative,672200,96300,19400,1,0,True
Leigh D'Amore,Tractor,20100,325000,Practical,301900,44100,2400,0,3011100,False
Sadie Steuber,Tractor,20200,325700,Conservative,2276300,98000,10600,0,0,True
Gerard Parisian,IKEA Furniture,25600,4300,RiskTaker,75600,15700,188400,4,3901400,True
Sophie Gutkowski,IKEA Furniture,29400,72000,Practical,219400,32100,8600,4,8641400,False
Angela Bode,IKEA Furniture,54000,83700,Practical,823600,39200,9200,1,8229700,True
Kim Emard,Car charger,98400,48600,RiskTaker,7200,43400,55000,3,659700,True
George Hilll,IKEA Furniture,38100,128900,Innovative,782800,90100,26900,2,0,True
Raul Klein,IKEA Furniture,29500,86900,Spontaneous,389400,3000,34000,0,3112000,False
Marshall Zieme,IKEA Furniture,50600,96400,Practical,695400,43000,4600,2,5068600,True
Marlon Jaskolski,Car charger,99300,42700,Practical,1554700,16800,3100,2,2849000,True
Edna Zboncak,Sailboat,47500,5324600,RiskTaker,9000,9200,70700,1,2426900,True
Henrietta Hoppe,Vacation,17100,86500,Conservative,375100,30800,11900,2,176000,True
Jessica Kemmer,Solar panels,97700,357000,Conservative,2318800,50800,19800,4,7989500,False
Theodore Ebert,IKEA Furniture,21600,73300,Spontaneous,404400,2400,59900,5,6764300,True
Saul Kub,Sailboat,44300,6120700,Spontaneous,133900,4900,28600,2,1125600,True
Amy Ferry,Tractor,62200,341300,RiskTaker,22100,45700,80100,4,7823600,False
Janis Carroll,IKEA Furniture,21800,96700,Spontaneous,442600,2100,23200,0,8564300,True
Leigh Hansen,Motorboat,1300,2289000,Spontaneous,461500,2100,19900,3,2731600,True
Cathy Schumm,IKEA Furniture,21100,136100,Innovative,834700,44800,10600,3,3669100,False
Gene Boyle,Tractor,74800,247700,Innovative,37800,21300,27300,0,6321000,False
Shirley Toy,Sailboat,55200,6720600,RiskTaker,64000,6500,22700,3,3466200,False
George Mitchell,Motorboat,2200,502700,Practical,1681900,25300,9600,4,3432900,True
Alexis Thompson,E-bike,90300,38800,Practical,834000,62100,3700,0,3068800,False
Jose Homenick,Sailboat,41300,698500,RiskTaker,8300,28100,50500,1,994000,True
Delbert McClure,Motorboat,9200,2702600,Conservative,1903400,32700,16800,0,185400,False
Lee Paucek,Vacation,10700,141800,Innovative,42000,16900,15800,5,1393200,False
Gregg Wintheiser,IKEA Furniture,28400,135800,Innovative,245200,95900,17300,2,0,True
Loretta Rempel,Diesel car,18200,203500,Spontaneous,190300,3200,103600,1,1564600,True
Ron Quitzon,IKEA Furniture,39900,42600,RiskTaker,15500,46400,138700,0,1132100,False
Felicia Quigley,Motorboat,1900,50400,Conservative,2149300,84600,12700,2,0,True
Tabitha Dickens,Tractor,69200,147300,Spontaneous,431400,4000,100500,1,3890300,False
Elias Shields,Car charger,96400,30100,Conservative,1717200,43800,22600,4,3039500,True
Miriam Lowe,Electric car,87600,996000,Spontaneous,442300,3200,55600,3,9518000,True
Alma Bosco,Tractor,38100,387900,Conservative,8611700,79600,16300,0,0,True
Sadie Schulist,Tractor,67300,67900,Practical,1054600,31800,8400,0,5588400,False
Emily Daniel,Electric car,83600,678000,Conservative,7353600,62400,16300,1,754400,False
Allison Kozey,Tractor,87300,380400,Spontaneous,206400,2700,38600,0,63400,False
Ellen Kuvalis,Car charger,95800,59200,Practical,980900,37000,9800,0,9108400,True
Angel Rutherford,E-bike,86700,21800,Innovative,879300,21600,16500,0,6539300,True
Jane Padberg,Diesel car,1400,955200,Innovative,858500,59400,18500,3,4623600,True
Angelica Balistreri,Vacation,18800,173000,RiskTaker,25800,42800,97000,1,4813300,False
William Cremin,Solar panels,91900,3134800,Innovative,186400,52300,19800,4,7699700,False
Hubert Durgan,Tractor,43800,267600,RiskTaker,8700,12000,32100,0,9268600,True
Ignacio Kshlerin,Vacation,16200,200900,RiskTaker,46500,35700,152700,3,6702800,True
Edmund Beier,Diesel car,19700,394800,RiskTaker,43100,15900,141700,5,5031100,True
Marilyn Bednar,IKEA Furniture,22000,79600,Practical,958300,31400,3000,1,3985100,False
Blanca Witting,IKEA Furniture,55300,49500,RiskTaker,1200,21200,25500,2,6090900,False
Ellen Stanton,Sailboat,52600,1721200,Innovative,104200,91000,10200,0,0,False
Preston Rosenbaum,Electric car,93400,162800,Conservative,970800,83400,7800,5,0,True
Gregg Bartell,Electric car,95700,1739300,Conservative,3919300,39600,13900,4,2969100,True
Dianna West,Sailboat,47700,487400,Practical,1185600,33800,6300,4,103100,False
Diana Heller,Tractor,91300,117400,Spontaneous,257800,1600,18000,3,4458500,False
Vanessa Hegmann,Motorboat,3400,3049500,Spontaneous,389700,3500,104400,0,7289300,False
Sheri Botsford,Motorboat,3900,3846400,Practical,880000,30700,1300,3,2802400,False
Pearl Hodkiewicz,Car charger,95900,54300,Conservative,7445600,92500,19600,2,0,True
Alonzo Thompson,E-bike,89800,42100,RiskTaker,78200,14500,41900,0,497400,False
Caleb Brekke,Diesel car,13300,401900,RiskTaker,12100,3600,41300,0,8182300,False
Tami Rice,Vacation,15900,111300,Conservative,6888900,32900,11100,5,6557000,False
Deanna Corwin,Motorboat,3700,3003100,Conservative,6138300,69900,20700,0,5030400,True
Miriam Lebsack,Motorboat,9500,3681000,Innovative,81100,38900,21500,0,7895700,True
Eduardo Kuhlman,Diesel car,14200,831100,Practical,1770300,40400,5000,0,9009000,False
Jeremiah Rohan,Vacation,15700,41200,Innovative,715700,29400,10200,4,9842700,False
Phil Cummerata,Solar panels,85200,7330700,Practical,498400,47500,6000,0,7440400,False
Susan Senger,Motorboat,7200,3114300,Innovative,827000,30300,23400,4,1551900,False
Joanne Johnston,Motorboat,7600,2793600,RiskTaker,26300,2400,32500,0,537700,False
Sandy Monahan,Sailboat,56800,4180800,RiskTaker,3900,34500,117300,0,2136300,False
Rene Hoeger,Sailboat,47600,4425100,RiskTaker,84300,48500,123200,1,1117800,False
Byron Koch,Tractor,14300,294600,Innovative,296600,4300,21800,5,6871500,True
Sandy Dickinson,Motorboat,8400,2355000,Innovative,160300,95900,23000,0,0,False
Zachary Klocko,Solar panels,95900,4198600,Spontaneous,308700,2500,109100,0,438700,False
Clarence West,IKEA Furniture,37500,82400,Conservative,1172100,44300,10000,0,950900,False
Erin Tremblay,Electric car,88800,1325500,Conservative,3853200,74000,25000,2,0,False
Alejandro Cartwright,Electric car,92800,578000,Innovative,237500,23100,28000,0,4554700,False
Irvin Murray,Tractor,60500,107000,Conservative,8650400,82200,10500,2,0,False
Lydia Labadie,Vacation,15000,145400,RiskTaker,27200,27800,148800,3,9752300,False
Mary Schaefer,Tractor,47800,50600,RiskTaker,83700,31700,124600,0,6339200,True
Rudy D'Amore,Diesel car,17400,441300,Practical,1488400,50500,8000,0,815800,True
Traci Wilderman,Sailboat,47500,3968200,RiskTaker,24800,7500,135600,0,6778700,False
Yvonne Torp,Diesel car,5700,811800,Spontaneous,49300,1000,68000,0,4719200,True
Peter Koss,Motorboat,3700,1296400,Practical,1898900,36700,1600,5,5724800,False
Claude Rohan,Tractor,21400,174900,Practical,1312400,44700,2600,2,1335600,True
Daisy Wuckert,Tractor,42400,318000,Conservative,3438900,43500,18000,0,96300,False
Elena Crona,Tractor,76100,305400,Practical,1377700,39300,9800,2,8636200,True
Fannie Macejkovic,Diesel car,13600,718700,Innovative,433500,36900,23900,1,8547000,True
Ralph Will,Motorboat,9600,1002300,Practical,1537600,28900,1400,0,6648700,False
Luther MacGyver,Tractor,13200,34800,Spontaneous,321200,2400,107800,0,7372400,True
Nathan Murazik,Tractor,95900,123700,RiskTaker,14400,47200,183200,0,9218200,False
Jacqueline Pouros,Motorboat,5600,2938900,Practical,965400,19500,7000,4,616800,True
Mario Ledner,Vacation,17700,79200,Innovative,819000,60600,13000,2,77200,False
Rolando Stamm,Vacation,12500,211300,Innovative,746100,59000,29200,1,1777400,False
Craig Stamm,E-bike,91400,23400,Practical,796400,34600,8600,2,5744500,True
Jesus Hilpert,Car charger,98400,56400,Practical,347300,35000,8000,1,4676100,False
Colin Reichert,E-bike,98500,26100,RiskTaker,71700,10900,162300,4,2308400,False
Ada Tromp,Motorboat,300,2825100,Innovative,374000,68000,28200,3,336800,False
Vera Howe,Car charger,90300,44400,Spontaneous,128300,2700,54800,0,1220100,False
Marion Will,Tractor,91600,208900,Conservative,5027200,70700,19700,5,0,False
Daryl Schaden,Motorboat,2900,211600,Spontaneous,485300,3900,99500,3,770400,True
Nathaniel Walker,IKEA Furniture,32700,5000,Spontaneous,369200,4300,65800,3,9223300,False
Marion Harvey,IKEA Furniture,57800,46200,Conservative,7225000,90100,12000,2,0,False
Tina Jacobs,Tractor,47100,98800,Conservative,1488200,81500,7600,0,0,True
Aaron Muller,IKEA Furniture,44500,147500,Practical,930200,38700,4400,2,1038500,True
Rodney Flatley,Motorboat,7500,12200,Spontaneous,413800,3600,38700,0,430700,True
Sheila Stoltenberg,Motorboat,5200,352800,RiskTaker,9000,3800,50500,0,2484000,True
Doreen Muller,Vacation,17800,231000,Practical,1141400,46800,4400,1,1817300,False
Rebecca Thompson,Tractor,15700,269500,Spontaneous,325800,2100,32200,1,157000,False
Phillip Beatty,Motorboat,200,3482500,RiskTaker,6300,34300,68100,0,8456400,True
Floyd Parisian,Tractor,64500,338300,Conservative,1990200,67900,15200,1,9521200,False
Margaret Barrows,Car charger,93100,31100,RiskTaker,39900,9300,169700,2,3681400,False
Natalie Kshlerin,Tractor,65600,200900,Spontaneous,205000,1600,74400,1,1705300,False
Andre Yundt,Motorboat,0,928000,Spontaneous,406000,1400,66500,3,3957800,False
Patricia Zulauf,IKEA Furniture,55000,113300,Innovative,62800,79300,13200,1,0,True
Colleen O'Kon,Tractor,4000,380400,Spontaneous,160900,2900,78300,3,2780200,False
Emma Kuhn,Electric car,97400,715700,Conservative,4745000,88300,12800,0,0,True
Gilbert Fahey,Tractor,57500,41600,RiskTaker,10500,42600,126200,0,8915500,True
Isabel Zboncak,Solar panels,89600,449500,Conservative,9944100,57100,19400,1,5613600,False
Mable Runte,Tractor,33700,10400,RiskTaker,24600,46700,65600,1,8174200,False
Juana Wiegand,IKEA Furniture,55400,133200,Practical,1999400,45900,7200,1,1493400,False
Jenny DuBuque,Car charger,90500,22600,Spontaneous,318700,2200,110500,2,1371600,True
Grady Schmidt,Tractor,15100,265900,Spontaneous,118900,4300,78100,1,8915500,True
Velma Dooley,Diesel car,800,603600,Spontaneous,307900,4700,31600,3,594600,True
Mark Swift,Motorboat,2100,3365400,Spontaneous,158400,4000,85100,0,8568900,False
Gail Cassin,IKEA Furniture,52500,146900,Conservative,8784800,80400,20800,0,0,True
Yvonne Schinner,Motorboat,4000,2790300,Spontaneous,473300,3000,101700,0,3870900,False
Ernestine Schaden,Vacation,18900,228000,Practical,1212800,29100,8400,0,4430200,True
Leslie Tillman,Diesel car,18400,399600,Conservative,2504700,28700,13700,1,1619800,True
Robert Hodkiewicz,IKEA Furniture,59100,34000,Conservative,3659600,40500,10100,0,4608300,True
Alexis Stroman,Car charger,91500,63400,Innovative,875500,21900,17300,0,3792600,True
Melvin Cummings,Motorboat,2200,3927700,Conservative,9172100,56400,20900,1,465100,False
Clarence Monahan,Car charger,91900,44100,Conservative,9624300,50000,20000,3,2557800,False
Hugo Donnelly,Diesel car,5800,979300,Spontaneous,411800,2500,69300,1,464500,True
Alvin Waelchi,Tractor,70400,264200,Conservative,3905400,45300,17100,1,8467500,False
Jenna Anderson,Vacation,18900,242700,Spontaneous,247200,1200,16500,0,5718500,False
Lisa Schultz,Sailboat,54100,8173200,Innovative,182400,84500,21500,0,0,True
Lindsay Greenholt,Sailboat,54300,4816200,Practical,866600,33000,6400,0,4703700,True
Jamie Bartell,Sailboat,54400,8735000,RiskTaker,9400,10600,29500,1,142800,True
Carolyn Stiedemann,Diesel car,8100,635800,Practical,365000,19700,9900,2,8219900,False
Jody Cruickshank,E-bike,94800,37600,Practical,1172000,59000,2700,1,9107000,True
Beulah Rath,Sailboat,47600,8976500,Innovative,725700,69900,19300,2,3667100,False
Audrey Mertz,Tractor,41400,376200,RiskTaker,58600,5500,193300,1,7357700,False
Bryan Stroman,IKEA Furniture,40600,50200,Practical,433600,52100,5500,0,8543500,True
Mable Feil,Tractor,73400,24700,Conservative,2280500,99000,13600,0,0,False
Ada Adams,IKEA Furniture,53700,30500,Innovative,803900,9800,21100,0,4561700,False
Steven Metz,E-bike,82500,35600,Innovative,903300,14000,27800,1,5290800,False
Luis Johns,Tractor,50400,51700,Innovative,462100,18600,29700,4,8856000,True
Roger Rutherford,Sailboat,52100,2834200,Conservative,5632800,28500,18500,4,962100,False
Meredith Zemlak,Vacation,21500,114300,Practical,1162600,31500,6600,0,2743600,False
Darnell Yundt,Tractor,94600,91200,Innovative,485100,60000,22000,0,1543200,False
Gary Rowe,Vacation,23200,171900,Innovative,690700,10200,19300,1,6513600,False
Marian Larkin,Motorboat,2700,3075500,Innovative,22900,34000,16400,0,9367500,False
Robin Casper,Motorboat,9500,2335000,Spontaneous,453600,3400,75400,0,9809000,True
Lillian Mann,Diesel car,8900,178100,Practical,713100,33500,9400,4,645700,True
Jaime Haley,Electric car,89800,1416600,Innovative,114800,94600,27300,3,0,True
Raul Shanahan,E-bike,82800,22600,RiskTaker,87900,30500,195400,3,9860100,False
Lillie Runolfsson,Diesel car,17300,264500,RiskTaker,61500,9800,170300,0,7668000,True
Delores Maggio,Tractor,27000,328200,RiskTaker,68400,37900,136100,2,6142000,True
Daryl Bauch,IKEA Furniture,41200,142100,Spontaneous,17200,2600,114900,1,5450500,False
Aubrey Zieme,Motorboat,2600,2287400,Innovative,969100,78600,17400,0,0,True
Lori Krajcik,E-bike,98700,21800,RiskTaker,64800,6900,78700,1,8901600,False
Kristen Prosacco,IKEA Furniture,36000,148000,Conservative,2774400,71300,19300,4,0,False
Clara Kirlin,Tractor,19900,384300,Spontaneous,393200,1600,55800,1,1542200,True
Marcia Hoeger,Solar panels,95500,4645000,Practical,511800,57200,7400,0,5103600,True
Meghan Hermann,Electric car,81100,408400,Innovative,218900,58500,25100,4,3378300,False
Alexander Jones,Tractor,5600,364900,Innovative,295000,49400,21400,1,2540800,False
Cecelia Bashirian,Diesel car,2900,494000,Innovative,38300,94700,20200,5,0,False
Marty Bosco,Tractor,35100,110300,Conservative,3589000,33600,16800,3,5815600,True
Kristine Hammes,Motorboat,8600,2160900,RiskTaker,74000,12500,28900,0,6616600,True
Armando Schumm,Tractor,26300,260700,Innovative,945100,36900,12800,0,9605400,True
Edward Weimann,Sailboat,45500,3369300,RiskTaker,70200,16300,159300,1,5175000,False
Beulah Senger,IKEA Furniture,43400,135000,Conservative,5428400,17500,8200,0,1503300,False
Desiree Dickinson,Sailboat,55800,6184300,Conservative,8234800,84800,19700,0,0,False
Christine Schmitt,Motorboat,9000,2238100,RiskTaker,31300,7900,129400,0,8672200,False
Cody Reinger,Motorboat,8400,3577800,Innovative,466500,9000,25500,0,3975500,False
Kent Goyette,IKEA Furniture,38900,62600,Innovative,774200,86300,17400,0,0,True
Wilson Schinner,IKEA Furniture,39300,77400,Spontaneous,322400,1600,26300,1,7465400,True
Doreen Veum,Car charger,91200,47200,Conservative,9292700,65400,7700,3,8371400,False
Irvin Blick,Electric car,95300,497000,Conservative,6215800,88400,14700,0,0,True
Jesus Murray,Vacation,12200,188000,RiskTaker,95400,3900,88600,0,6187900,True
Jamie Dooley,Vacation,17800,96000,RiskTaker,80600,20000,185700,1,381100,True
Nathaniel Stanton,Solar panels,87200,6711800,Spontaneous,322800,2600,34400,3,4690900,False
Gerald Collins,IKEA Furniture,32800,84400,Spontaneous,331100,2500,60300,0,4984800,True
Franklin Franecki,Tractor,48900,219900,Practical,848900,50600,6800,3,769000,True
Cassandra Walsh,E-bike,98900,32900,RiskTaker,1700,4400,76700,0,8256100,True
Eloise Barton,Solar panels,97400,747000,RiskTaker,7100,10700,143800,1,7040700,False
Brenda McCullough,Solar panels,87800,6406600,Practical,1332500,24800,3800,2,4121900,True
Randy Corwin,IKEA Furniture,25500,123600,RiskTaker,1800,48300,79800,0,600500,True
